{
  "annotations": [
    {
      "token": "Hello,\n",
      "class_or_confidence": null
    },
    {
      "token": "Simply Noted",
      "class_or_confidence": " organization"
    },
    {
      "token": " has developed\nincredible proprietary robotic\ntechnology to write your message\nand envelopes with a genuine\nreal pen. It is completely\nindistinguishable from a humans\nhandwriting.\nTry us today!\n",
      "class_or_confidence": null
    },
    {
      "token": "Simply Noted",
      "class_or_confidence": " organization"
    }
  ],
  "raw_text": "Hello,\nSimply Noted has developed\nincredible proprietary robotic\ntechnology to write your message\nand envelopes with a genuine\nreal pen. It is completely\nindistinguishable from a humans\nhandwriting.\nTry us today!\nSimply Noted"
}